Microsoft,Tech,Keyboard,Laptop,SSD,HDD,Desktop,HDMI,Monitor,,
Microsoft,Tech,Processor,Printer,HDD,SSD,Desktop,HDMI,Monitor,,
Microsoft,Tech,Keyboard,Processor,Printer,Laptop,Mouse,Monitor,,,
Microsoft,Tech,Processor,Printer,HDD,Desktop,HDMI,Mouse,,,
Microsoft,Tech,Keyboard,Processor,Laptop,HDD,HDMI,Monitor,,,
Microsoft,Tech,Printer,HDD,SSD,Laptop,Monitor,Mouse,,,
Microsoft,Tech,Keyboard,Printer,Laptop,HDD,Desktop,HDMI,Mouse,Monitor,
Microsoft,Tech,Keyboard,Processor,Printer,Laptop,SSD,Desktop,HDMI,Monitor,
Microsoft,Tech,Keyboard,Processor,Laptop,SSD,Desktop,HDMI,Mouse,Monitor,
Microsoft,Tech,Processor,Laptop,HDD,Monitor,HDMI,Mouse,,,
Microsoft,Tech,Keyboard,Laptop,SSD,HDMI,Monitor,,,,
Microsoft,Tech,Keyboard,Processor,Printer,Laptop,HDD,Desktop,HDMI,Monitor,
Microsoft,Tech,Processor,Printer,Laptop,SSD,Desktop,HDMI,,,
Microsoft,Tech,Keyboard,HDD,SSD,Desktop,Monitor,,,,
Microsoft,Tech,Keyboard,Processor,Printer,SSD,HDMI,Mouse,,,
Microsoft,Tech,Keyboard,Printer,HDD,Monitor,Desktop,HDMI,Mouse,,
Microsoft,Tech,Keyboard,Processor,HDD,Desktop,HDMI,Mouse,,,
Oracle,Database,Keyboard,Processor,Printer,HDD,Desktop,HDMI,Monitor,,
Oracle,Database,Keyboard,Processor,Laptop,SSD,HDD,Monitor,,,
Oracle,Database,Keyboard,Processor,Printer,Laptop,HDD,Monitor,Mouse,,
Oracle,Database,Keyboard,HDD,SSD,Monitor,Desktop,HDMI,Mouse,,
Oracle,Database,Keyboard,Processor,Laptop,SSD,HDD,Desktop,HDMI,Monitor,
Oracle,Database,Keyboard,Printer,Laptop,SSD,HDD,Desktop,Mouse,,
Oracle,Database,Keyboard,Processor,Printer,HDD,SSD,Mouse,Monitor,,
Oracle,Database,Printer,Laptop,SSD,Desktop,HDMI,Mouse,,,
Oracle,Database,SSD,Processor,Printer,Keyboard,Monitor,Desktop,,,
Oracle,Database,SSD,Processor,Printer,HDMI,Mouse,Keyboard,Monitor,,
Oracle,Database,HDD,Processor,Desktop,Printer,HDMI,,,,
Oracle,Database,SSD,Monitor,Mouse,Printer,Desktop,,,,
Oracle,Database,SSD,Processor,HDD,Monitor,Desktop,Laptop,,,
Oracle,Database,Monitor,HDD,SSD,Printer,HDMI,,,,
Wipro,IT,SSD,Processor,HDD,Keyboard,Monitor,Desktop,,,
Wipro,IT,Processor,Printer,HDD,Mouse,HDMI,Monitor,Laptop,,
Wipro,IT,Processor,Printer,HDD,Mouse,HDMI,Monitor,Laptop,,
Wipro,IT,SSD,Processor,Printer,Mouse,Monitor,Desktop,Laptop,,
Wipro,IT,SSD,Processor,Keyboard,Mouse,HDMI,Desktop,,,
Wipro,IT,SSD,Processor,HDD,HDMI,Monitor,Desktop,,,
Wipro,IT,Processor,Printer,HDD,Mouse,Monitor,Desktop,Laptop,,
Wipro,IT,SSD,HDMI,HDD,Mouse,Keyboard,Desktop,,,
Wipro,IT,SSD,Keyboard,Mouse,HDMI,Monitor,Desktop,Laptop,,
Wipro,IT,SSD,Processor,Keyboard,Monitor,Desktop,Laptop,,,
Wipro,IT,SSD,Processor,Mouse,HDMI,Monitor,Desktop,Laptop,,
Wipro,IT,Processor,Printer,HDD,Mouse,HDMI,Desktop,,,
Wipro,IT,SSD,Processor,Printer,HDMI,Mouse,Keyboard,Laptop,,
Microsoft,Tech,SSD,Processor,HDMI,HDD,Keyboard,Monitor,,,
Microsoft,Tech,Processor,Printer,HDD,Monitor,Desktop,Laptop,,,
Wipro,IT,Processor,Printer,HDD,Mouse,Keyboard,Monitor,Desktop,,
Oracle,Database,SSD,Keyboard,Processor,Printer,HDD,HDMI,Monitor,,
Oracle,Database,SSD,Printer,HDMI,Monitor,Desktop,Laptop,,,
Oracle,Database,Printer,HDMI,HDD,Keyboard,Monitor,Desktop,Laptop,,
Wipro,IT,HDD,Printer,Laptop,Mouse,HDMI,Monitor,Processor,SSD,
Wipro,IT,HDD,Desktop,Laptop,Mouse,Processor,SSD,,,
Wipro,IT,HDD,Keyboard,Printer,Mouse,Monitor,Processor,,,
Wipro,IT,HDD,Keyboard,Printer,Laptop,HDMI,Monitor,Processor,,
Infosys,IT,HDD,Keyboard,Desktop,Printer,Monitor,HDMI,Mouse,SSD,
Infosys,IT,HDD,Keyboard,Desktop,Printer,Mouse,HDMI,Monitor,,
Infosys,IT,HDD,Printer,Laptop,HDMI,Mouse,Processor,,,
Infosys,IT,HDD,Desktop,Printer,Mouse,Processor,SSD,,,
Infosys,IT,HDD,Desktop,Printer,Laptop,HDMI,Mouse,SSD,,
Infosys,IT,HDD,Keyboard,Desktop,Printer,HDMI,Mouse,Processor,SSD,
Infosys,IT,HDD,Keyboard,Desktop,Printer,Laptop,HDMI,Monitor,Processor,SSD
Infosys,IT,HDD,Keyboard,Desktop,Printer,Laptop,HDMI,Processor,SSD,
Wipro,IT,HDD,Keyboard,Mouse,HDMI,Monitor,Processor,SSD,,
Wipro,IT,Keyboard,Desktop,Laptop,HDMI,Monitor,Processor,SSD,,
Wipro,IT,HDD,Keyboard,Printer,HDMI,Mouse,Processor,,,
Oracle,Database,HDD,Desktop,Printer,HDMI,Monitor,Processor,SSD,,
Oracle,Database,Keyboard,Desktop,Laptop,HDMI,Monitor,Processor,,,
Oracle,Database,Keyboard,Desktop,Printer,HDMI,Monitor,SSD,,,
Oracle,Database,Keyboard,Laptop,Monitor,HDMI,Mouse,SSD,,,
Oracle,Database,Desktop,Printer,Mouse,Monitor,Processor,,,,
Infosys,IT,HDMI,SSD,Processor,Monitor,,,,,
Infosys,IT,HDD,Printer,HDMI,Monitor,SSD,,,,
Infosys,IT,HDD,Desktop,HDMI,Monitor,Processor,SSD,,,
Infosys,IT,Desktop,Printer,Laptop,Monitor,Processor,SSD,,,
Infosys,IT,HDD,Keyboard,Printer,Mouse,Monitor,Processor,,,
Infosys,IT,HDD,Monitor,HDMI,Mouse,SSD,Desktop,,,
Infosys,IT,Monitor,HDMI,Processor,Laptop,Printer,Keyboard,,,
Microsoft,Tech,HDD,Mouse,HDMI,Processor,Printer,Keyboard,,,
Infosys,IT,HDMI,Processor,Laptop,Mouse,SSD,Desktop,Keyboard,,
Wipro,IT,HDD,HDMI,Printer,Monitor,Processor,Mouse,Keyboard,,
Oracle,Database,HDD,Monitor,Laptop,Mouse,SSD,Desktop,Keyboard,,
Infosys,IT,HDD,Printer,Processor,Laptop,Mouse,Desktop,Keyboard,,
Infosys,IT,HDD,Monitor,Laptop,Printer,Desktop,Keyboard,,,
Microsoft,Tech,Monitor,Printer,HDMI,Processor,Mouse,SSD,,,
Oracle,Database,HDD,HDMI,Monitor,Processor,Laptop,Mouse,SSD,Keyboard,
Oracle,Database,HDD,HDMI,Monitor,Printer,Laptop,Mouse,SSD,Desktop,Keyboard
Wipro,IT,HDMI,Processor,Laptop,Printer,SSD,Desktop,Keyboard,,
Wipro,IT,Mouse,HDMI,Monitor,Processor,Laptop,Printer,SSD,Desktop,
Infosys,IT,HDD,HDMI,Mouse,SSD,Keyboard,,,,
Wipro,IT,HDD,Mouse,HDMI,Processor,Printer,SSD,Desktop,,
Infosys,IT,HDMI,Processor,Printer,SSD,Desktop,Keyboard,,,
Infosys,IT,HDD,Monitor,HDMI,Processor,Mouse,Desktop,Keyboard,,
Infosys,IT,HDD,HDMI,Processor,Laptop,Printer,SSD,Keyboard,,
Microsoft,Tech,HDD,HDMI,Monitor,Processor,Laptop,Mouse,Desktop,,
Microsoft,Tech,HDD,Monitor,Processor,Laptop,Mouse,Desktop,,,
Microsoft,Tech,Monitor,HDMI,Printer,Laptop,Mouse,Desktop,,,
Microsoft,Tech,Printer,Monitor,HDMI,Processor,Mouse,SSD,,,
Oracle,Database,Mouse,HDMI,Monitor,Processor,Laptop,Printer,SSD,Desktop,
Infosys,IT,HDD,Monitor,HDMI,Processor,Laptop,Printer,SSD,Desktop,
Wipro,IT,HDD,Monitor,HDMI,Processor,Printer,SSD,Keyboard,,
Wipro,IT,Mouse,Keyboard,Processor,Desktop,Monitor,HDMI,,,
Wipro,IT,Mouse,Keyboard,Processor,Printer,Monitor,Laptop,,,
Wipro,IT,HDD,Keyboard,SSD,Printer,Monitor,Laptop,,,
Wipro,IT,Keyboard,SSD,Processor,Desktop,Printer,Monitor,HDMI,,
Wipro,IT,Mouse,HDD,Keyboard,SSD,Processor,Desktop,Printer,Laptop,
Wipro,IT,Keyboard,SSD,Processor,Printer,Monitor,,,,
Wipro,IT,Mouse,SSD,Processor,Desktop,Printer,Laptop,,,
Oracle,Database,HDD,Keyboard,SSD,Processor,Desktop,Laptop,,,
Oracle,Database,Processor,Printer,Mouse,Monitor,,,,,
Oracle,Database,Mouse,Keyboard,SSD,Processor,Desktop,Monitor,Laptop,,
Oracle,Database,Mouse,HDD,Printer,HDMI,Monitor,Laptop,,,
Oracle,Database,Mouse,Keyboard,SSD,Processor,Desktop,Printer,,,
Microsoft,Tech,Mouse,Processor,Printer,HDMI,Monitor,Laptop,,,
Microsoft,Tech,Mouse,HDD,Keyboard,SSD,Processor,Printer,Monitor,,
Microsoft,Tech,SSD,Printer,Mouse,Monitor,,,,,
Microsoft,Tech,SSD,Desktop,Printer,Monitor,Laptop,,,,
Microsoft,Tech,Mouse,Keyboard,SSD,Processor,Desktop,HDMI,Monitor,Laptop,
Infosys,IT,Mouse,HDD,Keyboard,Processor,Desktop,Printer,Laptop,,
Infosys,IT,Mouse,Processor,Desktop,Printer,Monitor,Laptop,,,
Infosys,IT,Mouse,Keyboard,SSD,Processor,Printer,,,,
Infosys,IT,HDD,Keyboard,SSD,Processor,Desktop,Printer,HDMI,Laptop,
Infosys,IT,Mouse,Keyboard,SSD,Desktop,Printer,HDMI,,,
Wipro,IT,Mouse,Keyboard,Processor,Desktop,HDMI,Laptop,,,
Oracle,Database,HDD,Keyboard,SSD,Desktop,Printer,Monitor,Laptop,,
Oracle,Database,Mouse,HDD,Keyboard,SSD,Desktop,Monitor,HDMI,Laptop,
